{
  "metadata": { "version": "v7.0-axcore-cpp", "architecture": "Z^3 flat arena + radix heap scheduler + emergent probes" },
  "axioms": { "dim_space": 3, "dim_causal": 4, "n_directed": 9, "n_trace": 1 },
  "derived_constants": {
    "alpha": 0.2, "beta": 1.8, "chi_arrow": 0.25,
    "Omega_min": 0.5, "Omega_max": 0.85, "E_max": 0.666666666666667,
    "c0": 0.05, "L_max": 3.285, "L_rest": 0.1030625,
    "gamma_max": 31.8738629472408, "alpha_PP": 702.628349000451,
    "N_bit_eq": 1452997909,
    "A_FPM": 4.03901634120356e-05, "n_s": 0.968626331811263, "r_tensor": 0.00348596313208185,
    "ell_D": 1309.5687839896, "dt_univ": 1.15186069646589e-23, "dx_univ": 3.45319149467101e-15,
    "G_FPM": 6.68034009060519e-11, "calib": 80
  },
  "calibration": {
    "G_FPM_rel_err_pct": 0.0904977391665314,
    "n_s_rel_err_pct": 0.375785679923666,
    "ell_D_in_range": true,
    "gamma_above_cern_muon": true,
    "N_bit_eq_exact_integer": 1452997909,
    "N_bit_eq_continuous_approx": 1452999999.9073,
    "rounding_leak_relative": 1.43902773646421e-06
  },
  "lattice": { "size": [8,8,4],
    "total_daemons": 256,
    "active": 256, "halted": 0,
    "adjacency": "6-face Z^3 periodic",
    "scheduler_events_processed": 54
  },
  "emergent_probes": {
    "born": { "mean_tv": 8.02009101805334e-10, "max_tv": 1.32811210640238e-09, "verdict": "PASS" },
    "bell": { "S_local": 2, "S_qm": 2.82842722273318, "S_torsion": 2.82842722273318, "S_joint": 2.82842722521771, "tsirelson": 2.82842712474619, "verdict": "PASS" },
    "fine_structure": { "one_over_alpha_bare": 136.805610371373, "rel_diff_from_macro": 0.00168122766402566, "verdict": "PASS_BARE_COUPLING" },
    "gravity": { "r": [1,2,3,4,5,6,7], "v_emergent_kms": [81442.1281493793,81462.6801040261,81479.8340820099,81499.5052976677,81495.9718941404,81493.0152153892,81477.8403802793], "L_mean": [0.379378104486093,0.37928239241785,0.379202541963041,0.379111015334092,0.379127452369784,0.379141207635551,0.379211820765236] },
    "time_dilation": { "gamma_near": 3.68094110610377, "gamma_far": 3.67365140125124, "tick_ratio": 1, "ticks_near": 300, "ticks_far": 300 }
  },
  "trajectory": { "t": [0,5.019138,8.693676,12.367715,16.04454,19.71915,23.393807,27.069813,30.74619,34.421281,38.096116,41.773081,45.450896,49.129038,52.80805,56.485334,60.162823,63.839396,67.520762,71.207698,74.896334,78.584729,82.271975,85.959038,89.647954,93.336465,97.024914,100.713589,104.402251,108.090812,111.780111,115.467165,119.155524,122.843574,126.532227,130.222152,133.911294,137.599042,141.286381,144.976648,148.664048,152.351942,156.039631,159.728878,163.416161,167.10394,170.791772,174.479872,178.16889,181.859257,185.548784,189.237846,192.926074,196.616661], "total_E": [128,128,128,128,128,128,128,128,128,128,128,128,128,128,128,128,128,128,128,128,128,128,128,128,128,128,128,128,128,128,128,128,128,128,128,128,128,128,128,128,128,128,128,128,128,128,128,128,128,128,128,128,128,128], "mean_L": [0.378972178188521,0.378954245978417,0.378962639890269,0.378970580700887,0.378974714965971,0.378969545727533,0.378982080974252,0.37898870899063,0.378973708592639,0.378959796960888,0.37894601156015,0.378955246234956,0.378960126422808,0.378958973648019,0.378970230761383,0.378952200498205,0.378960123200358,0.378965195225079,0.378966997808809,0.378968512514997,0.37896520846856,0.378971074002022,0.378976516287134,0.378972207285375,0.378970901716982,0.378978871516199,0.378993184953445,0.378989409530362,0.378995339587021,0.378985259381275,0.378992986418411,0.378989480505629,0.378994308848551,0.378993650535566,0.378998115252355,0.379007615561929,0.379008601943681,0.379004328356622,0.379016830853868,0.379010666319522,0.379018846535826,0.379017270284313,0.379010657503717,0.379020029800909,0.379014444256058,0.379010881549068,0.379033067676264,0.379025990813585,0.379024715589421,0.379035580579607,0.379041237091543,0.379030410049408,0.379033705896589,0.379042730609631], "mean_Omega": [0.54904041814609,0.549013490372946,0.548985673134151,0.548957910977648,0.548928419474173,0.548899948891444,0.548870537956783,0.548840453747702,0.548812819185368,0.548782849770271,0.548756715933363,0.548727753080658,0.548699705797463,0.548670307416037,0.548639505813749,0.54861235260222,0.548585196082757,0.548557812961331,0.548529185665538,0.548500450202022,0.548474782948117,0.548446703673272,0.548420096566631,0.548394212769316,0.54836781299908,0.548342219087965,0.548312466273008,0.548285095616941,0.548256256270064,0.548231131654615,0.54820314379439,0.548177136218198,0.548150154134419,0.548124564334013,0.548097210306877,0.548068346842677,0.548041306554658,0.54801390853394,0.547983609672924,0.547956687688196,0.547928016631336,0.547900699056825,0.547875662251028,0.547849382552352,0.547823282550713,0.547800394312797,0.54777107116448,0.547743861848884,0.547717353246785,0.54768973900112,0.547661449727185,0.547636309120956,0.547610450836535,0.547582881187788], "active_fraction": [1,1,1,1,1,1,1,1,1,1,1,1,1,1,1,1,1,1,1,1,1,1,1,1,1,1,1,1,1,1,1,1,1,1,1,1,1,1,1,1,1,1,1,1,1,1,1,1,1,1,1,1,1,1] }
}
